rows,cols,n_classes,repeats,sklearn_kwargs,fit_time,fit_std,predict_time,predict_std,acc,fit_rust_speedup,predict_rust_speedup,predict_proba_time,predict_proba_std,predict_proba_rust_speedup,predict_proba_error_mean,predict_proba_error_max
100,100,2,4,"{'C': 1.0, 'l1_ratio': 0.0, 'dual': False, 'tol': 0.0001, 'fit_intercept': True, 'intercept_scaling': 1, 'class_weight': None, 'random_state': 42, 'solver': 'lbfgs', 'max_iter': 1000, 'verbose': 0, 'warm_start': False}","[0.010451814750013, 0.016671343249981874]","[0.001340032517533777, 0.0009912338560651261]","[8.710550036994391e-05, 0.00011877474980792613]","[1.6827100046979453e-05, 2.2493331315845398e-05]","[np.float64(1.0), np.float64(1.0)]",1.5950668519035067,1.3635734747344361,"[0.00010444124973219004, 8.26305004011374e-05]","[9.243915553451872e-05, 6.982450403399822e-06]",0.7911672889114203,0.97037405,1.0
500,100,2,4,"{'C': 1.0, 'l1_ratio': 0.0, 'dual': False, 'tol': 0.0001, 'fit_intercept': True, 'intercept_scaling': 1, 'class_weight': None, 'random_state': 42, 'solver': 'lbfgs', 'max_iter': 1000, 'verbose': 0, 'warm_start': False}","[0.017748379750173626, 0.01844096900049408]","[0.005036259376347148, 0.0015183848218394893]","[8.0534500284557e-05, 0.00013145550065019052]","[1.1715166830012992e-05, 2.4703294841047035e-05]","[np.float64(0.87), np.float64(0.87)]",1.0390226747494333,1.6322880279347551,"[5.09687497469713e-05, 9.77622498794517e-05]","[1.0331630408236141e-05, 4.0700716678646496e-06]",1.9180821653421272,0.7152229,0.99990964
1000,100,2,4,"{'C': 1.0, 'l1_ratio': 0.0, 'dual': False, 'tol': 0.0001, 'fit_intercept': True, 'intercept_scaling': 1, 'class_weight': None, 'random_state': 42, 'solver': 'lbfgs', 'max_iter': 1000, 'verbose': 0, 'warm_start': False}","[0.017614886500268767, 0.03002907500058427]","[0.0007719901624680957, 0.005996722817171735]","[0.00010162699936699937, 0.00023741924997011665]","[1.4543485203381065e-05, 1.1284429649760777e-05]","[np.float64(0.834), np.float64(0.834)]",1.7047555202882567,2.3361828200076933,"[9.855750022325083e-05, 0.00020401300071171136]","[1.628874797569688e-05, 9.28265704185985e-06]",2.0699896025120816,0.6510653,0.9994526
5000,100,2,4,"{'C': 1.0, 'l1_ratio': 0.0, 'dual': False, 'tol': 0.0001, 'fit_intercept': True, 'intercept_scaling': 1, 'class_weight': None, 'random_state': 42, 'solver': 'lbfgs', 'max_iter': 1000, 'verbose': 0, 'warm_start': False}","[0.036566252000284294, 1.7274775294999927]","[0.0031973776261668683, 0.3365944356430313]","[0.00028221399952599313, 0.002992109500155493]","[2.4177135871220825e-05, 1.0091633045362108e-05]","[np.float64(0.8376), np.float64(0.8376)]",47.24240071108633,10.602271698714603,"[0.00024194725028792163, 0.00047916775110934395]","[3.7702709090597755e-06, 0.00034903865036178697]",1.980463719009518,0.66454875,0.9998698
10000,100,2,4,"{'C': 1.0, 'l1_ratio': 0.0, 'dual': False, 'tol': 0.0001, 'fit_intercept': True, 'intercept_scaling': 1, 'class_weight': None, 'random_state': 42, 'solver': 'lbfgs', 'max_iter': 1000, 'verbose': 0, 'warm_start': False}","[0.050952803249856515, 1.5142708279995531]","[0.0011775336739414137, 0.2369092247663554]","[0.0004994072501176561, 0.002990468999996665]","[9.233488055021273e-05, 1.0374240531054976e-05]","[np.float64(0.83), np.float64(0.8296)]",29.71908769325302,5.988036816229912,"[0.00044023549980920507, 0.0023610672496943153]","[7.621235874480659e-05, 0.0012648829493175106]",5.3631914071391,0.6420005,0.9999106
25000,100,2,4,"{'C': 1.0, 'l1_ratio': 0.0, 'dual': False, 'tol': 0.0001, 'fit_intercept': True, 'intercept_scaling': 1, 'class_weight': None, 'random_state': 42, 'solver': 'lbfgs', 'max_iter': 1000, 'verbose': 0, 'warm_start': False}","[0.0965218559999812, 1.264775648000068]","[0.0017418205942636466, 0.13421834649207914]","[0.000997034000192798, 0.004490351499953249]","[0.00018669149594677977, 0.0017382448525716386]","[np.float64(0.79584), np.float64(0.79604)]",13.10351562241317,4.503709501466292,"[0.0009728719996928703, 0.004494322499795089]","[0.00015294319805803298, 0.0013047309719395222]",4.619644209324473,0.58793026,0.99911886
50000,100,2,4,"{'C': 1.0, 'l1_ratio': 0.0, 'dual': False, 'tol': 0.0001, 'fit_intercept': True, 'intercept_scaling': 1, 'class_weight': None, 'random_state': 42, 'solver': 'lbfgs', 'max_iter': 1000, 'verbose': 0, 'warm_start': False}","[0.17053981624940207, 1.5883057285000177]","[0.002988827672209638, 0.20522927355620332]","[0.0021249569995234197, 0.002987340750223666]","[3.0398445281184364e-05, 1.2916487473922818e-05]","[np.float64(0.81314), np.float64(0.813)]",9.31340119528003,1.4058358596873535,"[0.0021921805000602035, 0.0034944815001836105]","[3.454464963390357e-05, 0.0009959720824799032]",1.5940665014069972,0.6218747,0.9998028
100000,100,2,4,"{'C': 1.0, 'l1_ratio': 0.0, 'dual': False, 'tol': 0.0001, 'fit_intercept': True, 'intercept_scaling': 1, 'class_weight': None, 'random_state': 42, 'solver': 'lbfgs', 'max_iter': 1000, 'verbose': 0, 'warm_start': False}","[0.35396372525019615, 1.841640655250103]","[0.028900787417662742, 0.11096162011226528]","[0.006491805000223394, 0.004289222749321198]","[0.0003081676551864475, 2.1733895608793955e-05]","[np.float64(0.84265), np.float64(0.84283)]",5.202907879750547,0.6607134301128266,"[0.006450613250308379, 0.004797303500254202]","[0.0001231591657087667, 6.606966744802669e-05]",0.7436972756078442,0.677087,0.99998933
500000,100,2,4,"{'C': 1.0, 'l1_ratio': 0.0, 'dual': False, 'tol': 0.0001, 'fit_intercept': True, 'intercept_scaling': 1, 'class_weight': None, 'random_state': 42, 'solver': 'lbfgs', 'max_iter': 1000, 'verbose': 0, 'warm_start': False}","[1.3460864352505268, 6.640900747499927]","[0.13695298488113916, 0.6964598839051174]","[0.030848356250771758, 0.025552568500643247]","[0.00023986096869776726, 0.000794984570486704]","[np.float64(0.794442), np.float64(0.794458)]",4.933487607921668,0.8283283651460028,"[0.030911538250165904, 0.03220178974970622]","[0.00014080219283313928, 0.008820970732326018]",1.0417401259393293,0.5825084,0.9999364
